{
    "frame_index": {
        "min": [
            0
        ],
        "max": [
            2991
        ],
        "mean": [
            1495.5
        ],
        "std": [
            863.7159544665133
        ],
        "count": [
            14960
        ],
        "q01": [
            29.26394399990196
        ],
        "q10": [
            298.62143999991997
        ],
        "q50": [
            1495.5
        ],
        "q90": [
            2692.37856000008
        ],
        "q99": [
            2961.7360560000984
        ]
    },
    "observation.state": {
        "min": [
            -24.85355567932129,
            -100.0,
            -86.44217681884766,
            -27.224435806274414,
            -83.19902038574219,
            2.966381072998047,
            -97.2718734741211,
            -98.40604400634766,
            -98.93000793457031,
            -18.80341911315918,
            -19.462759017944336,
            1.551481008529663
        ],
        "max": [
            66.02510833740234,
            75.12995147705078,
            96.36685943603516,
            100.0,
            48.229549407958984,
            33.55306625366211,
            27.37535285949707,
            79.02684783935547,
            93.13419342041016,
            100.0,
            38.80341720581055,
            65.65585327148438
        ],
        "mean": [
            11.558868980407714,
            -21.95026993751526,
            0.345965576171875,
            80.09421997070312,
            -3.1133948445320128,
            9.326663398742676,
            -22.97288646697998,
            2.239458465576172,
            -22.097418594360352,
            82.97573547363281,
            -2.4983664631843565,
            8.155747175216675
        ],
        "std": [
            16.640288710291365,
            61.5296523060564,
            68.09834979967447,
            21.392115179837912,
            15.495092649347919,
            7.308508570573504,
            25.480116797606584,
            56.01245090997445,
            74.12486455827906,
            17.27994593218703,
            10.764598864430264,
            12.12115711121709
        ],
        "count": [
            14960
        ],
        "q01": [
            -8.686730496732704,
            -99.98400573730468,
            -80.27552881798377,
            24.199178739402726,
            -32.30233526391422,
            3.1641398429870606,
            -56.0278343035598,
            -81.44493629614259,
            -97.83969358428371,
            39.11541865646008,
            -15.733261839197372,
            1.6361072063446045
        ],
        "q10": [
            -3.2485684188922246,
            -93.84310752579603,
            -75.05056526915668,
            58.20711050796946,
            -19.10993437561332,
            3.4130068754926284,
            -43.028835636866376,
            -51.5634360556469,
            -92.71267661406979,
            59.196555580521384,
            -13.033027222012626,
            1.693510254645834
        ],
        "q50": [
            5.828169905696869,
            -19.884377116627164,
            -1.2852535573581247,
            84.25655681216544,
            -1.9675046543126384,
            8.029103481882933,
            -23.75529980610154,
            0.08287338626069932,
            -23.724967472704144,
            84.55465902083903,
            -1.952237742117197,
            7.48793414861169
        ],
        "q90": [
            32.935395630985255,
            49.7735330221242,
            85.0436987964854,
            99.94147253358453,
            11.384147315074058,
            16.82381437855635,
            1.7826576458809704,
            62.96481981003135,
            50.1487850686317,
            99.87845433241894,
            5.231756008323309,
            12.821412281145838
        ],
        "q99": [
            45.42071763988677,
            62.082948852166446,
            93.63089593175691,
            99.9984645262337,
            20.643582684234026,
            26.380125623668324,
            12.754859585223976,
            73.89703917545722,
            88.89938759227519,
            99.99530154779738,
            21.218746963500976,
            38.75395644750394
        ]
    },
    "index": {
        "min": [
            0
        ],
        "max": [
            14959
        ],
        "mean": [
            7479.5
        ],
        "std": [
            4318.580003890168
        ],
        "count": [
            14960
        ],
        "q01": [
            6013.263943999902
        ],
        "q10": [
            6282.62143999992
        ],
        "q50": [
            7479.5
        ],
        "q90": [
            8676.37856000008
        ],
        "q99": [
            8945.736056000098
        ]
    },
    "action": {
        "min": [
            -25.25667381286621,
            -100.0,
            -86.78853607177734,
            -28.04377555847168,
            -83.3943862915039,
            0.0,
            -99.1670150756836,
            -99.25311279296875,
            -99.2802505493164,
            -20.522388458251953,
            -19.755800247192383,
            0.0
        ],
        "max": [
            66.81724548339844,
            74.92877197265625,
            96.17781829833984,
            100.0,
            48.376068115234375,
            33.89335250854492,
            31.44523048400879,
            80.66390228271484,
            93.16239166259766,
            100.0,
            39.14529800415039,
            66.11629486083984
        ],
        "mean": [
            11.644435214996339,
            -23.06133713722229,
            -0.5623449325561524,
            80.00430297851562,
            -3.071463239192963,
            8.575366020202637,
            -22.823627948760986,
            0.8275867462158203,
            -22.81397228240967,
            83.08236236572266,
            -2.4637603044509886,
            7.015554881095886
        ],
        "std": [
            16.681246502625395,
            60.70861620722025,
            68.77271975102437,
            21.62409416354142,
            15.49169817596645,
            7.936910183659195,
            25.719877295325507,
            55.76046800965643,
            74.49283227107395,
            17.48246080504658,
            10.79900806084294,
            12.997615161231918
        ],
        "count": [
            14960
        ],
        "q01": [
            -9.077058101637965,
            -99.87823401704742,
            -81.55287001948311,
            23.59416528968524,
            -32.24921103353245,
            1.2978333381717506,
            -56.45029751804896,
            -82.22403577636719,
            -98.57476474262428,
            38.35817069707101,
            -15.7977344333538,
            -1.000000013351432e-10
        ],
        "q10": [
            -3.2314377818524918,
            -93.95651064787151,
            -76.98775666063737,
            57.99177709545336,
            -19.16928370592533,
            1.634038623587425,
            -43.19262376128583,
            -52.62500132635517,
            -93.53172808279841,
            58.99383826913857,
            -12.926715199180352,
            -1.000000013351432e-10
        ],
        "q50": [
            5.956618187848259,
            -20.995458984375,
            -2.1210884466403903,
            84.19697877415231,
            -1.908179636469673,
            7.407912141729037,
            -23.378174419008793,
            -1.6037800016857335,
            -24.455712312115743,
            84.81244678963762,
            -1.9476902845225892,
            6.663930892884336
        ],